<?xml version="1.0" encoding="UTF-8"?>
<project-private xmlns="http://www.netbeans.org/ns/project-private/1">
    <editor-bookmarks xmlns="http://www.netbeans.org/ns/editor-bookmarks/2" lastBookmarkId="0"/>
    <open-files xmlns="http://www.netbeans.org/ns/projectui-open-files/2">
        <group>
            <file>file:/Users/kengthong/Desktop/School_Mods/Y2S2/is2103/is2103_assignment_2/LibraryAdminTerminalClient/src/java/libraryadminterminalclient/MainApp.java</file>
            <file>file:/Users/kengthong/Desktop/School_Mods/Y2S2/is2103/is2103_assignment_2/LibraryAdminTerminalClient/src/java/libraryadminterminalclient/LibraryOperationModule.java</file>
            <file>file:/Users/kengthong/Desktop/School_Mods/Y2S2/is2103/is2103_assignment_2/LibraryAdminTerminalClient/src/java/libraryadminterminalclient/AdministrationOperationModule.java</file>
        </group>
    </open-files>
</project-private>
